No;MPG;Cylinders;Displacement;Horsepower;Weight;Acceleration;Model Year;USA;Europe;Japan;;
146;28;-0.869348;-1.009459;-0.784052;-1.025303;-0.379759;-0.516397;0.774676;-0.465148;-0.495225;;
282;22.3;-0.869348;-0.530218;-0.442811;-0.118796;0.624102;0.84391;0.774676;-0.465148;-0.495225;;46.6
69;12;1.483887;1.482595;1.44714;1.736877;-0.738281;-1.060519;0.774676;-0.465148;-0.495225;;10
378;38;-0.869348;-0.865687;-1.099044;-1.025303;-0.308055;1.660094;0.774676;-0.465148;-0.495225;;
331;33.8;-0.869348;-0.942365;-0.994047;-1.001603;0.875068;1.115971;-1.286751;-0.465148;2.012852;;
257;19.4;0.30727;0.351586;-0.390312;0.260397;0.58825;0.571849;0.774676;-0.465148;-0.495225;;
310;38.1;-0.869348;-1.019044;-1.177792;-1.211344;1.161885;1.115971;-1.286751;-0.465148;2.012852;;
328;30;-0.869348;-0.472709;-0.994047;0.307796;2.237451;1.115971;-1.286751;2.143005;-0.495225;;
125;20;0.30727;0.025702;-0.259066;0.132419;0.337285;-0.516397;0.774676;-0.465148;-0.495225;;
108;20;-0.869348;-0.942365;-0.442811;-0.842816;1.233589;-0.788458;-1.286751;-0.465148;2.012852;;
55;27;-0.869348;-0.942365;-1.177792;-1.370131;1.233589;-1.33258;-1.286751;2.143005;-0.495225;;
212;16.5;1.483887;1.482595;1.972127;1.646819;-1.240212;0.027726;0.774676;-0.465148;-0.495225;;
234;24.5;-0.869348;-0.424785;-0.442811;-0.296542;0.158024;0.299787;0.774676;-0.465148;-0.495225;;
103;11;1.483887;1.961837;1.184647;2.37795;-0.55902;-0.788458;0.774676;-0.465148;-0.495225;;
289;16.9;1.483887;1.482595;1.315894;1.62312;-0.23635;0.84391;0.774676;-0.465148;-0.495225;;
355;33.7;-0.869348;-0.846517;-0.784052;-0.92458;-0.415611;1.388032;-1.286751;-0.465148;2.012852;;
276;21.6;-0.869348;-0.71233;0.265921;-0.231369;0.050467;0.571849;-1.286751;2.143005;-0.495225;;
75;14;1.483887;1.175881;1.184647;1.287771;-0.55902;-1.060519;0.774676;-0.465148;-0.495225;;
114;26;-0.869348;-0.932781;-0.390312;-0.859406;-0.021237;-0.788458;-1.286751;2.143005;-0.495225;;
305;28.4;-0.869348;-0.424785;-0.390312;-0.379491;0.158024;0.84391;0.774676;-0.465148;-0.495225;;
166;13;1.483887;1.022524;0.633411;0.211813;-1.276064;-0.244335;0.774676;-0.465148;-0.495225;;
134;16;0.30727;0.600791;0.134674;0.760457;0.875068;-0.516397;0.774676;-0.465148;-0.495225;;
60;20;-0.869348;-0.530218;-0.390312;-0.689954;1.41285;-1.060519;0.774676;-0.465148;-0.495225;;
386;25;0.30727;-0.13724;0.134674;-0.053622;0.301432;1.660094;0.774676;-0.465148;-0.495225;;
309;41.5;-0.869348;-0.932781;-0.757803;-1.002788;-0.308055;1.115971;-1.286751;2.143005;-0.495225;;
38;14;1.483887;1.482595;1.578387;1.444188;-1.276064;-1.33258;0.774676;-0.465148;-0.495225;;
340;25.8;-0.869348;-0.376861;-0.337814;-0.438739;-0.415611;1.388032;0.774676;-0.465148;-0.495225;;
255;25.1;-0.869348;-0.530218;-0.442811;-0.320242;-0.057089;0.571849;0.774676;-0.465148;-0.495225;;
169;20;0.30727;0.351586;-0.127819;-0.090356;0.158024;-0.244335;0.774676;-0.465148;-0.495225;;
66;17;1.483887;1.041693;1.184647;0.807856;-1.455325;-1.060519;0.774676;-0.465148;-0.495225;;
123;20;0.30727;-0.376861;0.449666;-0.217149;-0.738281;-0.788458;-1.286751;-0.465148;2.012852;;
358;31.6;-0.869348;-0.721914;-0.810302;-0.420965;0.982624;1.388032;-1.286751;-0.465148;2.012852;;
77;22;-0.869348;-0.71233;-0.757803;-0.567902;0.875068;-1.060519;-1.286751;2.143005;-0.495225;;
142;26;-0.869348;-1.114892;-0.994047;-1.217269;-0.021237;-0.516397;-1.286751;2.143005;-0.495225;;
164;21;0.30727;0.342001;0.134674;0.057766;-0.200498;-0.244335;0.774676;-0.465148;-0.495225;;
318;29.8;-0.869348;-0.587727;-0.390312;-0.330907;-0.021237;1.115971;-1.286751;-0.465148;2.012852;;
53;31;-0.869348;-1.191571;-1.046546;-1.442415;1.233589;-1.33258;-1.286751;-0.465148;2.012852;;
91;13;1.483887;1.961837;1.184647;1.746357;-1.276064;-0.788458;0.774676;-0.465148;-0.495225;;
188;16;1.483887;1.175881;1.184647;1.421674;-0.917542;0.027726;0.774676;-0.465148;-0.495225;;
6;14;1.483887;2.479417;3.0221;1.61601;-2.35163;-1.604642;0.774676;-0.465148;-0.495225;;
1;15;1.483887;1.482595;1.578387;0.83274;-1.455325;-1.604642;0.774676;-0.465148;-0.495225;;
329;44.6;-0.869348;-0.999874;-0.994047;-1.351171;-0.630725;1.115971;-1.286751;-0.465148;2.012852;;
319;31.3;-0.869348;-0.721914;-0.784052;-0.531168;0.695807;1.115971;-1.286751;-0.465148;2.012852;;
136;16;1.483887;1.022524;0.922154;1.36361;-0.55902;-0.516397;0.774676;-0.465148;-0.495225;;
233;29;-0.869348;-0.942365;-0.705304;-1.244523;-0.379759;0.299787;-1.286751;2.143005;-0.495225;;
232;16;1.483887;1.49218;1.158398;1.593495;-0.379759;0.299787;0.774676;-0.465148;-0.495225;;
371;29;-0.869348;-0.578142;-0.547808;-0.551312;0.158024;1.660094;0.774676;-0.465148;-0.495225;;
137;13;1.483887;1.482595;1.184647;2.024827;-0.379759;-0.516397;0.774676;-0.465148;-0.495225;;
221;17.5;1.483887;1.051278;1.053401;1.054331;-1.096803;0.299787;0.774676;-0.465148;-0.495225;;
107;18;0.30727;0.351586;-0.127819;-0.238478;-0.200498;-0.788458;0.774676;-0.465148;-0.495225;;
148;26;-0.869348;-0.760254;-0.784052;-0.881921;-0.55902;-0.516397;-1.286751;2.143005;-0.495225;;
10;15;1.483887;1.798895;1.709634;0.678693;-1.993108;-1.604642;0.774676;-0.465148;-0.495225;;
26;10;1.483887;1.070448;2.497114;1.642079;-0.200498;-1.604642;0.774676;-0.465148;-0.495225;;
46;22;-0.869348;-0.530218;-0.8628;-0.689954;1.233589;-1.33258;0.774676;-0.465148;-0.495225;;
317;34.3;-0.869348;-0.942365;-0.705304;-0.950649;0.086319;1.115971;-1.286751;2.143005;-0.495225;;
360;30.7;0.30727;-0.482294;-0.757803;0.201148;1.448703;1.388032;-1.286751;2.143005;-0.495225;;
365;20.2;0.30727;0.044872;-0.442811;0.08265;0.552398;1.388032;0.774676;-0.465148;-0.495225;;
192;22;0.30727;0.524113;0.003427;0.429848;-0.379759;0.027726;0.774676;-0.465148;-0.495225;;
181;33;-0.869348;-0.999874;-1.361538;-1.416345;0.695807;-0.244335;-1.286751;-0.465148;2.012852;;
61;21;-0.869348;-0.702745;-0.49531;-0.90562;0.337285;-1.060519;0.774676;-0.465148;-0.495225;;
15;22;0.30727;0.025702;-0.259066;-0.186339;-0.021237;-1.604642;0.774676;-0.465148;-0.495225;;
147;24;-0.869348;-1.009459;-0.784052;-1.045447;-0.021237;-0.516397;-1.286751;2.143005;-0.495225;;
278;31.5;-0.869348;-1.019044;-0.88905;-1.185275;-0.23635;0.571849;-1.286751;2.143005;-0.495225;;
5;15;1.483887;2.239797;2.444615;1.600605;-1.993108;-1.604642;0.774676;-0.465148;-0.495225;;
79;26;-0.869348;-0.95195;-0.941548;-0.949464;0.875068;-1.060519;-1.286751;2.143005;-0.495225;;
161;16;0.30727;0.524113;0.003427;1.074476;1.054328;-0.244335;0.774676;-0.465148;-0.495225;;
7;14;1.483887;2.34523;2.890853;1.566241;-2.530891;-1.604642;0.774676;-0.465148;-0.495225;;
368;27;-0.869348;-0.798593;-0.442811;-0.41504;1.090181;1.660094;0.774676;-0.465148;-0.495225;;
20;25;-0.869348;-0.817763;-0.46906;-0.377121;0.695807;-1.604642;-1.286751;2.143005;-0.495225;;
324;40.8;-0.869348;-1.057383;-1.046546;-1.043077;1.305294;1.115971;-1.286751;-0.465148;2.012852;;
248;36.1;-0.869348;-0.999874;-1.177792;-1.41042;0.301432;0.571849;-1.286751;-0.465148;2.012852;;
266;30;-0.869348;-0.932781;-0.967798;-0.989754;0.337285;0.571849;0.774676;-0.465148;-0.495225;;
286;17.6;1.483887;1.022524;0.633411;0.87066;-0.774133;0.84391;0.774676;-0.465148;-0.495225;;
223;15.5;1.483887;1.175881;1.053401;1.362425;-0.666577;0.299787;0.774676;-0.465148;-0.495225;;
101;23;0.30727;0.025702;-0.259066;-0.102206;0.158024;-0.788458;0.774676;-0.465148;-0.495225;;
65;14;1.483887;1.49218;1.263395;1.34939;-0.917542;-1.060519;0.774676;-0.465148;-0.495225;;
56;26;-0.869348;-0.999874;-0.915299;-1.226749;1.771372;-1.33258;0.774676;-0.465148;-0.495225;;
262;19.2;1.483887;1.051278;1.053401;0.515167;-0.845838;0.571849;0.774676;-0.465148;-0.495225;;
216;31.5;-0.869348;-0.932781;-0.967798;-1.120101;1.054328;0.299787;-1.286751;-0.465148;2.012852;;
220;33.5;-0.869348;-1.057383;-0.915299;-1.238599;0.444841;0.299787;-1.286751;-0.465148;2.012852;;
256;20.5;0.30727;0.284492;-0.127819;0.521092;0.58825;0.571849;0.774676;-0.465148;-0.495225;;
301;34.2;-0.869348;-0.865687;-0.915299;-0.93643;-0.845838;0.84391;0.774676;-0.465148;-0.495225;;
193;24;0.30727;0.044872;-0.626556;0.025771;0.731659;0.027726;0.774676;-0.465148;-0.495225;;
57;24;-0.869348;-0.789008;-0.259066;-0.844001;-0.021237;-1.060519;-1.286751;-0.465148;2.012852;;
8;14;1.483887;2.489002;3.153347;1.700143;-1.993108;-1.604642;0.774676;-0.465148;-0.495225;;
300;23.9;1.483887;0.619961;-0.390312;0.509242;2.38086;0.84391;0.774676;-0.465148;-0.495225;;
173;24;-0.869348;-0.731499;-0.206567;-0.527613;0.516546;-0.244335;-1.286751;-0.465148;2.012852;;
357;32.9;-0.869348;-0.731499;-0.127819;-0.444664;-0.272203;1.388032;-1.286751;-0.465148;2.012852;;
303;31.8;-0.869348;-1.057383;-1.046546;-1.149725;1.305294;0.84391;-1.286751;-0.465148;2.012852;;
243;21.5;-1.457657;-1.105307;0.134674;-0.320242;-0.738281;0.299787;-1.286751;-0.465148;2.012852;;
236;25.5;-0.869348;-0.530218;-0.416562;-0.278768;0.086319;0.299787;0.774676;-0.465148;-0.495225;;
64;15;1.483887;1.175881;1.184647;1.3565;-0.738281;-1.060519;0.774676;-0.465148;-0.495225;;
242;21.5;-0.869348;-0.71233;0.134674;-0.462439;-0.989246;0.299787;-1.286751;2.143005;-0.495225;;
152;19;0.30727;0.284492;-0.259066;0.324385;0.158024;-0.244335;0.774676;-0.465148;-0.495225;;
387;38;0.30727;0.639131;-0.521559;0.029326;0.516546;1.660094;0.774676;-0.465148;-0.495225;;
82;23;-0.869348;-0.721914;-0.206567;-0.573827;-0.379759;-1.060519;-1.286751;-0.465148;2.012852;;
345;35.1;-0.869348;-1.095723;-1.177792;-1.457819;0.193876;1.388032;-1.286751;-0.465148;2.012852;;
178;23;-0.869348;-0.721914;-0.442811;-0.039402;0.516546;-0.244335;-1.286751;2.143005;-0.495225;;
144;31;-0.869348;-1.143647;-1.387787;-1.589352;0.337285;-0.516397;-1.286751;-0.465148;2.012852;;
247;39.4;-0.869348;-1.057383;-0.915299;-1.090477;1.090181;0.571849;-1.286751;-0.465148;2.012852;;
295;35.7;-0.869348;-0.932781;-0.652806;-1.274148;-0.415611;0.84391;0.774676;-0.465148;-0.495225;;
277;16.2;0.30727;-0.309767;0.738409;0.497392;0.086319;0.571849;-1.286751;2.143005;-0.495225;;
135;18;0.30727;0.284492;0.003427;0.737942;0.337285;-0.516397;0.774676;-0.465148;-0.495225;;
34;16;0.30727;0.284492;0.003427;0.531756;-0.021237;-1.33258;0.774676;-0.465148;-0.495225;;
376;37;-0.869348;-0.999874;-0.967798;-1.1438;0.946772;1.660094;-1.286751;-0.465148;2.012852;;
35;17;0.30727;0.524113;-0.127819;0.401409;-0.021237;-1.33258;0.774676;-0.465148;-0.495225;;
201;18.5;0.30727;0.524113;0.134674;0.775861;0.229728;0.027726;0.774676;-0.465148;-0.495225;;
98;16;0.30727;0.524113;-0.127819;0.340975;0.875068;-0.788458;0.774676;-0.465148;-0.495225;;
86;14;1.483887;1.041693;1.184647;0.807856;-1.455325;-0.788458;0.774676;-0.465148;-0.495225;;
249;19.9;1.483887;0.619961;0.134674;0.444068;-0.021237;0.571849;0.774676;-0.465148;-0.495225;;
183;25;-0.869348;-0.760254;-0.626556;-0.91273;0.480693;0.027726;-1.286751;2.143005;-0.495225;;
285;17;1.483887;1.051278;0.659661;1.006932;-0.057089;0.84391;0.774676;-0.465148;-0.495225;;
389;22;0.30727;0.351586;0.187173;-0.183969;-0.308055;1.660094;0.774676;-0.465148;-0.495225;;
217;30;-0.869348;-0.808178;-0.652806;-0.989754;-0.272203;0.299787;0.774676;-0.465148;-0.495225;;
361;25.4;0.30727;-0.261843;0.29217;-0.106946;-1.060951;1.388032;-1.286751;-0.465148;2.012852;;
109;21;-0.869348;-0.530218;-0.8628;-0.698249;1.41285;-0.788458;0.774676;-0.465148;-0.495225;;
47;19;0.30727;0.524113;-0.127819;0.345715;-0.200498;-1.33258;0.774676;-0.465148;-0.495225;;
381;36;-0.869348;-0.846517;-0.784052;-0.930505;-0.379759;1.660094;-1.286751;-0.465148;2.012852;;
252;19.2;0.30727;0.342001;0.003427;0.645514;1.305294;0.571849;0.774676;-0.465148;-0.495225;;
283;20.2;0.30727;0.351586;-0.390312;0.32557;0.946772;0.84391;0.774676;-0.465148;-0.495225;;
74;13;1.483887;1.022524;0.922154;1.544911;0.158024;-1.060519;0.774676;-0.465148;-0.495225;;
139;14;1.483887;1.022524;0.922154;1.952543;0.158024;-0.516397;0.774676;-0.465148;-0.495225;;
379;36;-0.869348;-0.932781;-0.915299;-1.025303;0.624102;1.660094;0.774676;-0.465148;-0.495225;;
254;20.2;0.30727;0.044872;-0.521559;-0.029923;0.086319;0.571849;0.774676;-0.465148;-0.495225;;
198;33;-0.869348;-0.999874;-1.361538;-1.416345;0.659954;0.027726;-1.286751;-0.465148;2.012852;;
29;27;-0.869348;-0.942365;-0.442811;-1.019378;-0.379759;-1.33258;-1.286751;-0.465148;2.012852;;
284;20.6;0.30727;0.284492;0.134674;0.438143;0.373137;0.84391;0.774676;-0.465148;-0.495225;;
356;32.4;-0.869348;-0.836932;-0.784052;-0.758683;0.444841;1.388032;-1.286751;-0.465148;2.012852;;
52;30;-0.869348;-1.028629;-0.757803;-1.096401;-0.379759;-1.33258;-1.286751;2.143005;-0.495225;;
332;29.8;-0.869348;-1.019044;-1.125294;-1.357096;-0.092942;1.115971;-1.286751;2.143005;-0.495225;;
348;37.7;-0.869348;-1.019044;-1.125294;-1.114176;0.624102;1.388032;-1.286751;-0.465148;2.012852;;
27;11;1.483887;1.175881;2.759607;1.649189;-0.738281;-1.604642;0.774676;-0.465148;-0.495225;;
2;18;1.483887;1.175881;1.184647;0.528201;-1.634586;-1.604642;0.774676;-0.465148;-0.495225;;
320;37;-0.869348;-0.731499;-0.337814;-0.659145;-0.200498;1.115971;-1.286751;-0.465148;2.012852;;
158;16;1.483887;1.175881;1.184647;1.786646;-0.379759;-0.244335;0.774676;-0.465148;-0.495225;;
200;18;0.30727;0.524113;-0.705304;0.691728;1.950633;0.027726;0.774676;-0.465148;-0.495225;;
373;24;-0.869348;-0.530218;-0.337814;-0.14842;0.301432;1.660094;0.774676;-0.465148;-0.495225;;
208;13;1.483887;1.175881;1.184647;1.12543;-0.845838;0.027726;0.774676;-0.465148;-0.495225;;
140;14;1.483887;1.041693;1.184647;1.501067;-0.021237;-0.516397;0.774676;-0.465148;-0.495225;;
222;17;1.483887;0.619961;0.134674;1.267627;1.233589;0.299787;0.774676;-0.465148;-0.495225;;
241;22;0.30727;-0.472709;-0.206567;-0.207669;-0.379759;0.299787;-1.286751;-0.465148;2.012852;;
270;21.1;-0.869348;-0.587727;-0.259066;-0.563162;-0.272203;0.571849;-1.286751;-0.465148;2.012852;;
274;20.3;-0.281039;-0.616481;-0.049071;-0.189894;0.122171;0.571849;-1.286751;2.143005;-0.495225;;
225;17.5;0.30727;0.524113;0.134674;0.627739;0.301432;0.299787;0.774676;-0.465148;-0.495225;;
36;19;0.30727;0.524113;-0.442811;0.369415;-0.021237;-1.33258;0.774676;-0.465148;-0.495225;;
261;18.1;0.30727;0.600791;0.397167;0.497392;-0.164646;0.571849;0.774676;-0.465148;-0.495225;;
251;20.2;1.483887;1.022524;0.895905;0.686988;-0.989246;0.571849;0.774676;-0.465148;-0.495225;;
24;21;0.30727;0.035287;-0.390312;-0.40556;-0.200498;-1.604642;0.774676;-0.465148;-0.495225;;
263;17.7;0.30727;0.342001;1.578387;0.538866;-0.774133;0.571849;0.774676;-0.465148;-0.495225;;
45;18;0.30727;0.600791;0.134674;-0.033477;-0.738281;-1.33258;0.774676;-0.465148;-0.495225;;
227;19;0.30727;0.284492;-0.127819;0.758087;0.767511;0.299787;0.774676;-0.465148;-0.495225;;
131;32;-0.869348;-1.191571;-1.046546;-1.367761;1.950633;-0.516397;-1.286751;-0.465148;2.012852;;
94;13;1.483887;2.34523;2.890853;2.067486;-1.634586;-0.788458;0.774676;-0.465148;-0.495225;;
112;19;-0.869348;-0.702745;-0.521559;-0.806082;1.054328;-0.788458;0.774676;-0.465148;-0.495225;;
168;23;-0.869348;-0.530218;-0.574058;-0.416225;0.516546;-0.244335;0.774676;-0.465148;-0.495225;;
273;23.9;-0.869348;-0.731499;-0.206567;-0.693509;-0.23635;0.571849;-1.286751;-0.465148;2.012852;;
327;36.4;-0.281039;-0.71233;-0.994047;-0.047697;1.556259;1.115971;-1.286751;2.143005;-0.495225;;
41;14;1.483887;1.175881;1.184647;1.310286;-0.917542;-1.33258;0.774676;-0.465148;-0.495225;;
18;27;-0.869348;-0.942365;-0.442811;-1.019378;-0.379759;-1.604642;-1.286751;-0.465148;2.012852;;
280;21.5;0.30727;0.342001;0.265921;0.301871;-0.057089;0.84391;0.774676;-0.465148;-0.495225;;
80;22;-0.869348;-0.702745;-0.49531;-0.705359;0.158024;-1.060519;0.774676;-0.465148;-0.495225;;
235;26;-0.869348;-0.942365;-0.784052;-0.859406;0.946772;0.299787;-1.286751;-0.465148;2.012852;;
237;30.5;-0.869348;-0.932781;-1.099044;-1.112991;0.516546;0.299787;0.774676;-0.465148;-0.495225;;
72;15;1.483887;1.041693;1.184647;1.068551;-1.096803;-1.060519;0.774676;-0.465148;-0.495225;;
13;14;1.483887;2.489002;3.153347;0.11346;-1.993108;-1.604642;0.774676;-0.465148;-0.495225;;
334;23.7;-1.457657;-1.201156;-0.127819;-0.675735;-1.096803;1.115971;-1.286751;-0.465148;2.012852;;
215;13;1.483887;1.175881;1.184647;0.906209;-0.55902;0.027726;0.774676;-0.465148;-0.495225;;
383;38;-0.869348;-0.999874;-0.994047;-1.214899;-0.200498;1.660094;-1.286751;-0.465148;2.012852;;
333;32.7;0.30727;-0.261843;0.712159;-0.095096;-1.491177;1.115971;-1.286751;-0.465148;2.012852;;
162;15;0.30727;0.600791;0.134674;0.876584;1.233589;-0.244335;0.774676;-0.465148;-0.495225;;
105;13;1.483887;1.578444;1.709634;1.971503;-0.917542;-0.788458;0.774676;-0.465148;-0.495225;;
163;18;0.30727;0.284492;-0.259066;0.941758;1.233589;-0.244335;0.774676;-0.465148;-0.495225;;
84;27;-0.869348;-0.942365;-0.442811;-1.054927;0.337285;-1.060519;-1.286751;-0.465148;2.012852;;
191;22;0.30727;0.284492;-0.127819;0.287651;-0.057089;0.027726;0.774676;-0.465148;-0.495225;;
395;32;-0.869348;-0.578142;-0.547808;-0.823857;-1.419473;1.660094;0.774676;-0.465148;-0.495225;;
119;20;-0.869348;-0.779423;-0.364063;-0.483769;-0.55902;-0.788458;-1.286751;2.143005;-0.495225;;
240;30.5;-0.869348;-0.942365;-0.705304;-0.948279;-0.523168;0.299787;-1.286751;2.143005;-0.495225;;
190;14.5;1.483887;1.49218;1.237146;1.451298;-0.989246;0.027726;0.774676;-0.465148;-0.495225;;
210;19;0.30727;-0.376861;0.082175;-0.071397;-0.021237;0.027726;-1.286751;-0.465148;2.012852;;
372;27;-0.869348;-0.424785;-0.390312;-0.302467;0.875068;1.660094;0.774676;-0.465148;-0.495225;;
111;18;-1.457657;-1.201156;-0.390312;-1.026488;-0.738281;-0.788458;-1.286751;-0.465148;2.012852;;
151;31;-0.869348;-1.114892;-0.994047;-1.173425;0.158024;-0.516397;-1.286751;2.143005;-0.495225;;
159;14;1.483887;1.49218;1.132149;1.975058;-0.738281;-0.244335;0.774676;-0.465148;-0.495225;;
154;15;0.30727;0.524113;-0.8628;0.523461;1.950633;-0.244335;0.774676;-0.465148;-0.495225;;
16;18;0.30727;0.035287;-0.206567;-0.256253;-0.021237;-1.604642;0.774676;-0.465148;-0.495225;;
265;17.5;1.483887;1.175881;0.922154;1.291326;-0.666577;0.571849;0.774676;-0.465148;-0.495225;;
76;18;-0.869348;-0.71233;0.187173;-0.067842;-0.379759;-1.060519;-1.286751;2.143005;-0.495225;;
110;22;-0.869348;-0.836932;-0.285315;-0.724319;0.337285;-0.788458;-1.286751;-0.465148;2.012852;;
322;46.6;-0.869348;-1.047798;-1.046546;-1.043077;0.839215;1.115971;-1.286751;-0.465148;2.012852;;
207;20;-0.869348;-0.626066;-0.075321;0.189298;0.050467;0.027726;-1.286751;2.143005;-0.495225;;
338;27.2;-0.869348;-0.578142;-0.547808;-0.592786;0.050467;1.388032;0.774676;-0.465148;-0.495225;;
141;29;-0.869348;-0.932781;-0.574058;-0.913915;0.337285;-0.516397;-1.286751;2.143005;-0.495225;;
239;30;-0.869348;-0.942365;-0.994047;-1.1912;0.301432;0.299787;-1.286751;-0.465148;2.012852;;
391;36;-0.869348;-0.578142;-0.547808;-0.734984;-0.917542;1.660094;0.774676;-0.465148;-0.495225;;
4;17;1.483887;1.022524;0.922154;0.543606;-1.813847;-1.604642;0.774676;-0.465148;-0.495225;;
97;18;0.30727;0.284492;0.003427;0.154934;0.337285;-0.788458;0.774676;-0.465148;-0.495225;;
14;24;-0.869348;-0.789008;-0.259066;-0.732614;-0.200498;-1.604642;-1.286751;-0.465148;2.012852;;
62;13;1.483887;1.482595;1.578387;1.521212;-1.276064;-1.060519;0.774676;-0.465148;-0.495225;;
238;33.5;-0.869348;-0.932781;-0.574058;-1.084552;0.122171;0.299787;0.774676;-0.465148;-0.495225;;
68;13;1.483887;1.482595;1.315894;1.791386;-0.738281;-1.060519;0.774676;-0.465148;-0.495225;;
315;24.3;-0.869348;-0.424785;-0.390312;0.015107;1.627964;1.115971;0.774676;-0.465148;-0.495225;;
250;19.4;1.483887;1.175881;0.922154;0.882509;-0.845838;0.571849;0.774676;-0.465148;-0.495225;;
196;24.5;-0.869348;-0.932781;-1.177792;-0.979089;2.345007;0.027726;0.774676;-0.465148;-0.495225;;
156;16;1.483887;1.961837;1.709634;1.988092;-1.455325;-0.244335;0.774676;-0.465148;-0.495225;;
370;31;-0.869348;-0.798593;-0.521559;-0.492063;0.229728;1.660094;0.774676;-0.465148;-0.495225;;
304;37.3;-0.869348;-0.999874;-0.941548;-1.019378;-0.308055;0.84391;-1.286751;2.143005;-0.495225;;
19;26;-0.869348;-0.942365;-1.545283;-1.368946;1.771372;-1.604642;-1.286751;2.143005;-0.495225;;
228;18.5;0.30727;0.524113;-0.180318;0.633664;1.233589;0.299787;0.774676;-0.465148;-0.495225;;
302;34.5;-0.869348;-0.865687;-0.915299;-0.995678;-0.23635;0.84391;0.774676;-0.465148;-0.495225;;
3;16;1.483887;1.041693;1.184647;0.524646;-1.276064;-1.604642;0.774676;-0.465148;-0.495225;;
311;32.1;-0.869348;-0.932781;-0.915299;-1.031228;-0.021237;1.115971;0.774676;-0.465148;-0.495225;;
127;19;0.30727;0.351586;-0.127819;-0.105761;0.158024;-0.516397;0.774676;-0.465148;-0.495225;;
78;21;-0.869348;-0.721914;-0.46906;-0.013333;1.41285;-1.060519;-1.286751;2.143005;-0.495225;;
186;27;-0.869348;-0.904026;-0.574058;-0.93406;-0.092942;0.027726;-1.286751;2.143005;-0.495225;;
297;25.4;-0.281039;-0.11807;-0.731554;0.639589;1.627964;0.84391;-1.286751;2.143005;-0.495225;;
377;31;-0.869348;-0.999874;-0.967798;-1.208974;0.731659;1.660094;-1.286751;-0.465148;2.012852;;
390;32;-0.869348;-0.491879;-0.232816;-0.385415;-0.594872;1.660094;-1.286751;-0.465148;2.012852;;
184;25;-0.869348;-0.530218;-0.337814;-0.495618;-0.23635;0.027726;0.774676;-0.465148;-0.495225;;
352;29.9;-0.869348;-0.932781;-1.046546;-0.723134;1.843077;1.388032;0.774676;-0.465148;-0.495225;;
81;28;-0.869348;-0.942365;-0.337814;-0.832152;0.516546;-1.060519;-1.286751;-0.465148;2.012852;;
260;18.6;0.30727;0.284492;0.134674;0.746237;1.126033;0.571849;0.774676;-0.465148;-0.495225;;
11;14;1.483887;1.386747;1.44714;0.733202;-2.710152;-1.604642;0.774676;-0.465148;-0.495225;;
299;27.2;-0.869348;-0.520633;-0.88905;0.236697;3.313017;0.84391;-1.286751;2.143005;-0.495225;;
87;13;1.483887;1.482595;1.053401;1.182308;-0.917542;-0.788458;0.774676;-0.465148;-0.495225;;
268;27.2;-0.869348;-0.731499;-0.206567;-0.817932;-0.308055;0.571849;-1.286751;-0.465148;2.012852;;
37;18;0.30727;0.351586;-0.127819;0.352825;-0.021237;-1.33258;0.774676;-0.465148;-0.495225;;
380;36;-0.869348;-0.721914;-0.442811;-0.983829;-0.379759;1.660094;-1.286751;-0.465148;2.012852;;
59;23;-0.869348;-0.942365;-1.335288;-0.872441;2.846938;-1.060519;-1.286751;2.143005;-0.495225;;
42;12;1.483887;1.798895;1.972127;2.328181;-1.455325;-1.33258;0.774676;-0.465148;-0.495225;;
272;23.8;-0.869348;-0.424785;-0.521559;-0.16027;0.731659;0.571849;0.774676;-0.465148;-0.495225;;
51;30;-0.869348;-1.114892;-0.915299;-1.085737;1.41285;-1.33258;-1.286751;2.143005;-0.495225;;
211;16.5;0.30727;-0.261843;0.397167;0.983232;0.408989;0.027726;-1.286751;2.143005;-0.495225;;
313;28;-0.869348;-0.424785;-0.390312;-0.370011;0.337285;1.115971;0.774676;-0.465148;-0.495225;;
312;37.2;-0.869348;-1.047798;-1.046546;-1.15091;0.301432;1.115971;-1.286751;-0.465148;2.012852;;
326;43.4;-0.869348;-1.009459;-1.492784;-0.776458;2.918642;1.115971;-1.286751;2.143005;-0.495225;;
124;11;1.483887;1.482595;1.972127;0.798376;-1.634586;-0.788458;0.774676;-0.465148;-0.495225;;
224;15;1.483887;1.022524;0.659661;1.546096;-0.23635;0.299787;0.774676;-0.465148;-0.495225;;
63;14;1.483887;1.961837;1.84088;1.652744;-1.276064;-1.060519;0.774676;-0.465148;-0.495225;;
298;23;1.483887;1.482595;0.528414;1.07803;0.659954;0.84391;0.774676;-0.465148;-0.495225;;
132;25;-0.869348;-0.530218;-0.784052;-0.531168;0.516546;-0.516397;0.774676;-0.465148;-0.495225;;
189;15.5;1.483887;1.041693;0.397167;1.151499;-0.594872;0.027726;0.774676;-0.465148;-0.495225;;
23;26;-0.869348;-0.71233;0.213422;-0.89614;-1.096803;-1.604642;-1.286751;2.143005;-0.495225;;
44;13;1.483887;1.961837;1.84088;2.547401;-1.276064;-1.33258;0.774676;-0.465148;-0.495225;;
0;18;1.483887;1.070448;0.659661;0.60878;-1.276064;-1.604642;0.774676;-0.465148;-0.495225;;
203;29.5;-0.869348;-0.942365;-0.88905;-1.380796;-1.20436;0.027726;-1.286751;2.143005;-0.495225;;
335;35;-0.869348;-0.702745;-0.442811;-0.580937;-0.164646;1.115971;-1.286751;2.143005;-0.495225;;
99;18;0.30727;0.351586;-0.127819;-0.053622;0.158024;-0.788458;0.774676;-0.465148;-0.495225;;
385;38;-0.869348;-0.999874;-0.994047;-1.17935;0.229728;1.660094;-1.286751;-0.465148;2.012852;;
180;25;-0.869348;-0.71233;0.265921;-0.378306;-0.738281;-0.244335;-1.286751;2.143005;-0.495225;;
258;20.6;0.30727;0.342001;0.003427;0.461843;0.086319;0.571849;0.774676;-0.465148;-0.495225;;
95;12;1.483887;2.489002;3.153347;2.323441;-1.634586;-0.788458;0.774676;-0.465148;-0.495225;;
366;17.6;0.30727;0.284492;-0.521559;0.562566;0.373137;1.388032;0.774676;-0.465148;-0.495225;;
96;13;1.483887;1.578444;1.84088;0.984417;-1.634586;-0.788458;0.774676;-0.465148;-0.495225;;
347;37;-0.869348;-1.057383;-1.046546;-1.203049;1.376998;1.388032;-1.286751;-0.465148;2.012852;;
171;24;-0.869348;-0.587727;-0.232816;-0.341571;-0.738281;-0.244335;-1.286751;-0.465148;2.012852;;
70;13;1.483887;1.961837;2.23462;1.696588;-1.096803;-1.060519;0.774676;-0.465148;-0.495225;;
307;26.8;0.30727;-0.213919;0.265921;-0.343941;-0.953394;0.84391;0.774676;-0.465148;-0.495225;;
49;23;-0.869348;-0.702745;-0.49531;-0.91273;-0.55902;-1.33258;0.774676;-0.465148;-0.495225;;
209;19;-0.869348;-0.721914;-0.442811;0.331495;2.273303;0.027726;-1.286751;2.143005;-0.495225;;
281;19.8;0.30727;0.044872;-0.521559;-0.000298;0.946772;0.84391;0.774676;-0.465148;-0.495225;;
229;16;1.483887;1.961837;1.972127;1.457223;-1.598734;0.299787;0.774676;-0.465148;-0.495225;;
150;26;-0.869348;-0.836932;-0.311564;-0.710099;-0.021237;-0.516397;-1.286751;-0.465148;2.012852;;
145;32;-0.869348;-1.076553;-1.151543;-1.16987;1.233589;-0.516397;-1.286751;-0.465148;2.012852;;
182;28;-0.869348;-0.846517;-0.49531;-0.623596;-0.021237;0.027726;-1.286751;2.143005;-0.495225;;
